{"cameraMode":{"drawMode":0,"name":"Shaded","section":"Shading Mode"},"sceneLighting":false,"audioPlay":false,"sceneViewState":{"showFog":true,"showMaterialUpdate":false,"showSkybox":true,"showFlares":true,"showImageEffects":true,"showParticleSystems":true},"in2DMode":false,"pivot":{"x":1.1987018585205079,"y":-0.1483229398727417,"z":-0.7330328226089478},"rotation":{"x":-0.15277346968650819,"y":-0.738758385181427,"z":0.1786816120147705,"w":-0.6316428184509277},"size":21.8486328125,"orthographic":false}