{"cameraMode":{"drawMode":0,"name":"Shaded","section":"Shading Mode"},"sceneLighting":false,"audioPlay":false,"sceneViewState":{"showFog":true,"showMaterialUpdate":false,"showSkybox":true,"showFlares":true,"showImageEffects":true,"showParticleSystems":true},"in2DMode":false,"pivot":{"x":1.4137200117111207,"y":1.2671172618865967,"z":-4.046425819396973},"rotation":{"x":-0.15277346968650819,"y":-0.738758385181427,"z":0.1786816120147705,"w":-0.6316428184509277},"size":13.984162330627442,"orthographic":false}